ID,Name,Attendance
16p3023,rowan,3.375
16p6066,zeid,2.7083333333333335
16p3007,soheil,3.875
16p6030,mayar,3.8333333333333335
